{
  "users": [
      {
        "id": 1,
        "first_name": "Alisa",
        "last_name": "Moxon",
        "email": "amoxon0@phoca.cz"
      },
      {
        "id": 2,
        "first_name": "Nye",
        "last_name": "Jowsey",
        "email": "njowsey1@smugmug.com"
      },
      {
        "id": 3,
        "first_name": "Scotty",
        "last_name": "Whiffen",
        "email": "swhiffen2@opera.com"
      },
      {
        "id": 4,
        "first_name": "Arley",
        "last_name": "Bollum",
        "email": "abollum3@friendfeed.com"
      },
      {
        "id": 5,
        "first_name": "Marysa",
        "last_name": "McLeman",
        "email": "mmcleman4@moonfruit.com"
      }
  ],
  "tarefas": [
      {
        "id": 1,
        "titulo": "RCV",
        "done": false,
        "createdAt": "28/05/2019",
        "userId": 3
      },
      {
        "id": 2,
        "titulo": "Personal Development",
        "done": true,
        "createdAt": "08/08/2019",
        "userId": 3
      },
      {
        "id": 3,
        "titulo": "IKB",
        "done": false,
        "createdAt": "20/09/2019",
        "userId": 1
      },
      {
        "id": 4,
        "titulo": "Applied Behavior Analysis",
        "done": false,
        "createdAt": "11/10/2019",
        "userId": 4
      },
      {
        "id": 5,
        "titulo": "Dual Diagnosis",
        "done": true,
        "createdAt": "10/10/2019",
        "userId": 3
      },
      {
        "id": 6,
        "titulo": "VMware Certified Professional",
        "done": true,
        "createdAt": "26/06/2019",
        "userId": 1
      },
      {
        "id": 7,
        "titulo": "Mythology",
        "done": true,
        "createdAt": "23/09/2019",
        "userId": 5
      },
      {
        "id": 8,
        "titulo": "CDPE Designation",
        "done": true,
        "createdAt": "30/05/2019",
        "userId": 1
      },
      {
        "id": 9,
        "titulo": "Kurdish",
        "done": true,
        "createdAt": "09/09/2019",
        "userId": 1
      },
      {
        "id": 10,
        "titulo": "HBDI",
        "done": true,
        "createdAt": "14/12/2018",
        "userId": 1
      },
      {
        "id": 11,
        "titulo": "BDMS",
        "done": true,
        "createdAt": "24/09/2019",
        "userId": 2
      },
      {
        "id": 12,
        "titulo": "Judicial Review",
        "done": true,
        "createdAt": "08/01/2019",
        "userId": 2
      },
      {
        "id": 13,
        "titulo": "Kaledo",
        "done": true,
        "createdAt": "07/06/2019",
        "userId": 4
      },
      {
        "id": 14,
        "titulo": "Purchase Management",
        "done": true,
        "createdAt": "01/10/2019",
        "userId": 1
      },
      {
        "id": 15,
        "titulo": "MDX",
        "done": true,
        "createdAt": "19/07/2019",
        "userId": 5
      },
      {
        "id": 16,
        "titulo": "Chamber Music",
        "done": true,
        "createdAt": "05/06/2019",
        "userId": 4
      },
      {
        "id": 17,
        "titulo": "Classical",
        "done": false,
        "createdAt": "19/03/2019",
        "userId": 3
      },
      {
        "id": 18,
        "titulo": "Interest Rate Swaps",
        "done": false,
        "createdAt": "06/05/2019",
        "userId": 2
      },
      {
        "id": 19,
        "titulo": "Commercial Property Owners",
        "done": false,
        "createdAt": "25/12/2018",
        "userId": 1
      },
      {
        "id": 20,
        "titulo": "UCP",
        "done": false,
        "createdAt": "27/10/2019",
        "userId": 4
      },
      {
        "id": 21,
        "titulo": "IP Cameras",
        "done": false,
        "createdAt": "21/03/2019",
        "userId": 3
      },
      {
        "id": 22,
        "titulo": "Private Banking",
        "done": false,
        "createdAt": "22/05/2019",
        "userId": 1
      },
      {
        "id": 23,
        "titulo": "SDL Tridion",
        "done": true,
        "createdAt": "25/09/2019",
        "userId": 2
      },
      {
        "id": 24,
        "titulo": "Quality Control",
        "done": true,
        "createdAt": "21/12/2018",
        "userId": 1
      },
      {
        "id": 25,
        "titulo": "VMware",
        "done": true,
        "createdAt": "31/05/2019",
        "userId": 4
      },
      {
        "id": 26,
        "titulo": "MbUnit",
        "done": false,
        "createdAt": "04/05/2019",
        "userId": 1
      },
      {
        "id": 27,
        "titulo": "RCMS",
        "done": false,
        "createdAt": "21/06/2019",
        "userId": 5
      },
      {
        "id": 28,
        "titulo": "Event Management",
        "done": true,
        "createdAt": "27/11/2018",
        "userId": 3
      },
      {
        "id": 29,
        "titulo": "German",
        "done": true,
        "createdAt": "08/10/2019",
        "userId": 2
      },
      {
        "id": 30,
        "titulo": "WCAG",
        "done": true,
        "createdAt": "06/02/2019",
        "userId": 2
      },
      {
        "id": 31,
        "titulo": "Civil Aviation",
        "done": true,
        "createdAt": "08/06/2019",
        "userId": 3
      },
      {
        "id": 32,
        "titulo": "Employer Branding",
        "done": false,
        "createdAt": "24/03/2019",
        "userId": 2
      },
      {
        "id": 33,
        "titulo": "RDL",
        "done": false,
        "createdAt": "19/01/2019",
        "userId": 5
      },
      {
        "id": 34,
        "titulo": "Ruby",
        "done": false,
        "createdAt": "31/01/2019",
        "userId": 5
      },
      {
        "id": 35,
        "titulo": "Human Capital Management",
        "done": true,
        "createdAt": "09/03/2019",
        "userId": 2
      },
      {
        "id": 36,
        "titulo": "Hyperion EPM",
        "done": true,
        "createdAt": "12/12/2018",
        "userId": 4
      },
      {
        "id": 37,
        "titulo": "McKesson PACS",
        "done": false,
        "createdAt": "08/06/2019",
        "userId": 4
      },
      {
        "id": 38,
        "titulo": "Eagle PCB",
        "done": true,
        "createdAt": "11/08/2019",
        "userId": 4
      },
      {
        "id": 39,
        "titulo": "Language Teaching",
        "done": true,
        "createdAt": "24/03/2019",
        "userId": 2
      },
      {
        "id": 40,
        "titulo": "EBPP",
        "done": true,
        "createdAt": "16/12/2018",
        "userId": 5
      },
      {
        "id": 41,
        "titulo": "Supply Management",
        "done": true,
        "createdAt": "29/08/2019",
        "userId": 5
      },
      {
        "id": 42,
        "titulo": "Radio Promotions",
        "done": false,
        "createdAt": "20/09/2019",
        "userId": 1
      },
      {
        "id": 43,
        "titulo": "NICU",
        "done": false,
        "createdAt": "11/08/2019",
        "userId": 3
      },
      {
        "id": 44,
        "titulo": "Biomass",
        "done": false,
        "createdAt": "28/08/2019",
        "userId": 5
      },
      {
        "id": 45,
        "titulo": "PNR",
        "done": true,
        "createdAt": "30/04/2019",
        "userId": 4
      },
      {
        "id": 46,
        "titulo": "Construction Safety",
        "done": false,
        "createdAt": "07/11/2018",
        "userId": 5
      },
      {
        "id": 47,
        "titulo": "Zumba",
        "done": false,
        "createdAt": "20/01/2019",
        "userId": 1
      },
      {
        "id": 48,
        "titulo": "DLL",
        "done": false,
        "createdAt": "05/09/2019",
        "userId": 2
      },
      {
        "id": 49,
        "titulo": "sFlow",
        "done": true,
        "createdAt": "31/10/2019",
        "userId": 3
      },
      {
        "id": 50,
        "titulo": "JDeveloper",
        "done": false,
        "createdAt": "18/05/2019",
        "userId": 1
      }
  ]
}